TEKKEN,https://www.facebook.com/TekkenEU,2.9M
StrongestTekken,https://www.facebook.com/StrongestTekken,722K
TeKKeN,https://www.facebook.com/TekkenNn,4K
Tekken Tweets,https://www.facebook.com/TekkenTweets,36K
Tekken Lahore,https://www.facebook.com/faisal.abbas555,1.2K
Tekken World,https://www.facebook.com/Tekkenworldtournents,4.3K
Tekken Zaibatsu,https://www.facebook.com/tekkenzaibatsuPH,4.6K
Tekken-Series.com,https://www.facebook.com/TekkenSeriesCom,2.1K
Tekken Kasur,https://www.facebook.com/yt.TekkenKasur,1.4K
Tekken Phoenix,https://www.facebook.com/TekkenPhoenix,28K
Tekken Philippines,https://www.facebook.com/TekkenPHOfficial,7.7K
TEKKEN,https://www.facebook.com/TekkenEU,2.9M
StrongestTekken,https://www.facebook.com/StrongestTekken,722K
TeKKeN,https://www.facebook.com/TekkenNn,4K
Tekken Tweets,https://www.facebook.com/TekkenTweets,36K
Tekken Lahore,https://www.facebook.com/faisal.abbas555,1.2K
Tekken World,https://www.facebook.com/Tekkenworldtournents,4.3K
Tekken Zaibatsu,https://www.facebook.com/tekkenzaibatsuPH,4.6K
Tekken-Series.com,https://www.facebook.com/TekkenSeriesCom,2.1K
Tekken Kasur,https://www.facebook.com/yt.TekkenKasur,1.4K
Tekken Phoenix,https://www.facebook.com/TekkenPhoenix,28K
Tekken Philippines,https://www.facebook.com/TekkenPHOfficial,7.7K
TEKKEN,https://www.facebook.com/TekkenEU,2.9M
StrongestTekken,https://www.facebook.com/StrongestTekken,722K
TeKKeN,https://www.facebook.com/TekkenNn,4K
Tekken Tweets,https://www.facebook.com/TekkenTweets,36K
Tekken Lahore,https://www.facebook.com/faisal.abbas555,1.2K
Tekken World,https://www.facebook.com/Tekkenworldtournents,4.3K
Tekken Zaibatsu,https://www.facebook.com/tekkenzaibatsuPH,4.6K
Tekken Kasur,https://www.facebook.com/yt.TekkenKasur,1.4K
Tekken-Series.com,https://www.facebook.com/TekkenSeriesCom,2.1K
Tekken Phoenix,https://www.facebook.com/TekkenPhoenix,28K
Tekken Philippines,https://www.facebook.com/TekkenPHOfficial,7.7K
TEKKEN,https://www.facebook.com/TekkenEU,2.9M
StrongestTekken,https://www.facebook.com/StrongestTekken,722K
TeKKeN,https://www.facebook.com/TekkenNn,4K
Tekken Tweets,https://www.facebook.com/TekkenTweets,36K
Tekken Lahore,https://www.facebook.com/faisal.abbas555,1.2K
Tekken World,https://www.facebook.com/Tekkenworldtournents,4.3K
Tekken Zaibatsu,https://www.facebook.com/tekkenzaibatsuPH,4.6K
Tekken Kasur,https://www.facebook.com/yt.TekkenKasur,1.4K
Tekken-Series.com,https://www.facebook.com/TekkenSeriesCom,2.1K
Tekken Phoenix,https://www.facebook.com/TekkenPhoenix,28K
Tekken Philippines,https://www.facebook.com/TekkenPHOfficial,7.7K
Tekken store,https://www.facebook.com/tekken.store,0
Kinjin Tekken,https://www.facebook.com/KinjinTekken,216
Tekken PH Replays,https://www.facebook.com/tekkenphreplays,33K
Tekken Memes,https://www.facebook.com/TekkenMemes,12K
